{"cameraMode":{"drawMode":0,"name":"Shaded","section":"Shading Mode"},"sceneLighting":true,"audioPlay":false,"sceneViewState":{"m_AlwaysRefresh":false,"showFog":true,"showSkybox":true,"showFlares":true,"showImageEffects":true,"showParticleSystems":true,"showVisualEffectGraphs":true,"m_FxEnabled":true},"in2DMode":false,"pivot":{"x":552.8453979492188,"y":312.4016418457031,"z":13.187091827392579},"rotation":{"x":0.029404275119304658,"y":0.008691470138728619,"z":-0.00025573617313057184,"w":0.9995306730270386},"size":12.461819648742676,"orthographic":true}